{"count":1,"self":138.4045184,"total":139.0990326,"children":{"InitializeActuators":{"count":1,"self":0.0011577999999999998,"total":0.0011577999999999998,"children":null},"InitializeSensors":{"count":1,"self":0.0009975,"total":0.0009975,"children":null},"AgentSendState":{"count":6721,"self":0.045447999999999995,"total":0.07626709999999999,"children":{"CollectObservations":{"count":1345,"self":0.0069492999999999994,"total":0.0069492999999999994,"children":null},"WriteActionMask":{"count":1345,"self":0.0059489999999999994,"total":0.0059489999999999994,"children":null},"RequestDecision":{"count":1345,"self":0.0179208,"total":0.0179208,"children":null}}},"DecideAction":{"count":6721,"self":0.5863001,"total":0.5863001,"children":null},"AgentAct":{"count":6721,"self":0.028790299999999998,"total":0.028790299999999998,"children":null}},"gauges":{"My Behavior.CumulativeReward":{"count":6,"max":120,"min":30,"runningAverage":68.3333359,"value":60,"weightedAverage":71.015625}},"metadata":{"timer_format_version":"0.1.0","start_time_seconds":"1658144879","unity_version":"2020.3.15f2","command_line_arguments":"C:\\Program Files\\Unity\\Hub\\Editor\\2020.3.15f2\\Editor\\Unity.exe -projectpath C:\\Users\\fkuhl\\Workflow\\UnityProjects\\Snake Pit -useHub -hubIPC -cloudEnvironment production -licensingIpc LicenseClient-fkuhl -hubSessionId 21975f70-068c-11ed-b609-8f1c5699d45c -accessToken nYAaQLyRJgZH0KYkpgVoZnXIg53oO3OW0-hocbSf9fk008f","communication_protocol_version":"1.5.0","com.unity.ml-agents_version":"2.0.0","scene_name":"Simple_test","end_time_seconds":"1658145018"}}